backdoor,124
attack,15
malware,13
encryption,12
crypto,12
software,11
chain,10
ccleaner,10
juniper,9
government,8
use,7
target,7
supply,7
share,6
update,6
network,5
security,5
group,5
code,5
company,4
wannacry,4
link,4
dutch,4
inseed,4
downloads,4
server,4
memory,4
attacker,4
dfir,4
system,4
iphone,4
claim,4
malicious,4
secret,3
michael,3
whatsapp,3
bateleur,3
spy,3
demand,3
order,3
google,3
early,3
restaurant,3
ukrainian,3
firewall,3
review,3
carbanak,3
popular,3
android,3
vendor,3
lazarus,3
milkydoor,3
country,3
cryptor,3
discover,3
respond,3
analysis,3
maker,3
judge,3
apple,3
enterprise,3
hack,3
good,3
doublepulsar,3
talk,3
management,3
total,3
developer,3
cisco,3
patch,2
anyone,2
notpetya,2
presidential,2
piece,2
build,2
find,2
matter,2
pa,2
router,2
criminal,2
medoc,2
call,2
zero,2
fact,2
home,2
mechanism,2
sign,2
spread,2
avoid,2
skype,2
cook,2
secure,2
push,2
time,2
chinese,2
charge,2
embassy,2
late,2
compel,2
chief,2
work,2
victim,2
secretary,2
noeasybreach,2
police,2
repo,2
foinet,2
australia,2
possible,2
scan,2
mandate,2
contain,2
intel,2
hardware,2
paners,2
dumped,2
device,2
internet,2
research,2
rival,2
susan,2
added,2
bypass,2
front,2
repository,2
former,2
face,2
hidden,2
detection,2
last,2
landau,2
design,2
hacker,2
eye,2
kind,2
administration,2
wordpress,2
mandatory,2
sure,2
key,2
stealthy,2
equipment,2
phone,2
firmware,2
ruggedcom,2
uncovers,2
example,2
oceanlotus,2
response,2
tool,1
count,1
hdroot,1
winnefeld,1
blueprint,1
python,1
disclos,1
battle,1
facebook,1
alternative,1
uefi,1
london,1
director,1
someone,1
quick,1
espionage,1
flaw,1
rogue,1
ban,1
linux,1
paren,1
mand,1
gchq,1
limit,1
capability,1
whole,1
meet,1
public,1
detail,1
actor,1
riemann,1
essay,1
miss,1
avast,1
meant,1
president,1
payload,1
second,1
mean,1
tale,1
pursue,1
amendment,1
guest,1
defend,1
whistleblower,1
ask,1
china,1
something,1
interest,1
ec,1
vmware,1
toolkit,1
promote,1
provide,1
russian,1
change,1
urge,1
break,1
desktop,1
credential,1
firm,1
door,1
series,1
leaks,1
goal,1
cloudproviders,1
politician,1
many,1
skeleton,1
opera,1
govt,1
business,1
java,1
identification,1
employee,1
intelligence,1
purpose,1
unexpected,1
plugin,1
gather,1
pharmacy,1
comic,1
domain,1
british,1
james,1
product,1
propose,1
family,1
tighten,1
building,1
invisible,1
base,1
dream,1
know,1
week,1
binary,1
wifi,1
telco,1
itre,1
download,1
hayden,1
unix,1
access,1
accounting,1
matt,1
moment,1
hashrate,1
clear,1
protocol,1
hypothesis,1
cola,1
terrorist,1
legisla,1
golden,1
eprivacy,1
proto,1
patient,1
told,1
argue,1
westminster,1
spree,1
cbkrdr,1
telebots,1
scheme,1
blast,1
search,1
site,1
future,1
dual,1
request,1
list,1
house,1
choose,1
ping,1
create,1
petya,1
pepsi,1
point,1
nonsense,1
need,1
document,1
commercial,1
communication,1
depend,1
others,1
sophisticated,1
community,1
platform,1
anti,1
pursuin,1
initial,1
line,1
mass,1
catch,1
voice,1
browser,1
messages,1
modular,1
axiom,1
website,1
prot,1
suppo,1
sticky,1
dande',1
eternalblue,1
mail,1
turla,1
sponsor,1
biterrant,1
verifiable,1
drop,1
pay,1
tech,1
module,1
guardian,1
likely,1
password,1
shellcode,1
surveillance,1
everything,1
pakistan,1
outbreak,1
broad,1
industrial,1
cloudflare,1
previous,1
cryptosystems,1
theorem,1
day,1
collect,1
difference,1
obama,1
environment,1
year,1
hypervisor,1
loader,1
principle,1
foreign,1
serious,1
bittorrent,1
breed,1
extract,1
social,1
admiral,1
true,1
several,1
twitter,1
install,1
people,1
significant,1
missl,1
distribute,1
threat,1
aurora,1
write,1
unknown,1
white,1
version,1
favor,1
active,1
curl,1
openbsd,1
installation,1
reduces,1
vice,1
speak,1
likeliness,1
dire,1
turn,1
fraud,1
cybersecurity,1
thanks,1
dead,1
sofacy,1
package,1
foothold,1
risky,1
nothing,1
screenos,1
skyfall,1
bring,1
default,1
qatar,1
perfect,1
launch,1
occasion,1
inse,1
theme,1
snoop,1
cheer,1
cautionary,1
oops,1
everyone,1
discussion,1
camera,1
giant,1
unusual,1
bad,1
microsoft,1
regex,1
eavesdrop,1
slide,1
warns,1
shut,1
position,1
blackberry,1
adware,1
counterexample,1
caoons,1
anything,1
virus,1
worm,1
plant,1
bank,1
consequence,1
track,1
leak,1
bootkit,1
singapore,1
control,1
enable,1
cross,1
feature,1
potential,1
doubt,1
remote,1
impossible,1
suspect,1
seek,1
introspection,1
blaze,1
tweet,1
cheoff,1
winnti,1
draw,1
practical,1
kopiluwak,1
arm,1
york,1
collision,1
rudd,1
damage,1
apis,1
openssh,1
help,1
cryptanalysis,1
shadowpad,1
window,1
cybercrime,1
samsung,1
stance,1
trick,1
politic,1
thing,1
relentless,1
facilitate,1
meek,1
collection,1
various,1
poshspy,1
murder,1
hikvision,1
dodgy,1
mining,1
educational,1
boot,1
backdo,1
networking,1
trust,1
coca,1
favorite,1
detect,1
currenc,1
worried,1
blame,1
booze,1
coder,1
sample,1
gehackte,1
manage,1
banking,1
