ddos,83
attack,36
botnet,15
bank,12
malware,9
extoion,6
mirai,6
wirex,6
internet,6
service,5
website,5
blog,5
launch,5
outage,4
tell,4
email,4
time,4
power,4
threaten,4
site,4
show,4
national,4
gang,4
year,4
target,4
korea,4
claim,4
security,4
pseudodarkleech,4
tool,3
cause,3
brian,3
south,3
anonymous,3
github,3
krebs,3
squad,3
noh,3
disrupt,3
massive,3
comedy,3
downtime,3
wrath,3
sketch,3
september,3
heat,3
korean,3
group,3
post,3
neutrality,3
blame,3
industry,3
seek,2
root,2
booter,2
best,2
rigv,2
address,2
operation,2
futuristic,2
feat,2
collaboration,2
russian,2
interested,2
many,2
house,2
use,2
trump,2
cyber,2
battle,2
look,2
police,2
cybeeam,2
firewall,2
send,2
profit,2
arrest,2
light,2
russia,2
check,2
agency,2
large,2
color,2
yesterday,2
lizard,2
rigek,2
side,2
fuel,2
nice,2
cloudflare,2
stresser',2
http,2
hea,2
emit,2
knock,2
lightbulb,2
respond,2
fraud,2
botnets,2
abuse,2
bunch,2
illegal,2
crime,2
traffic,2
behal,2
hire,2
idiot,2
hack,2
protest,2
step,2
skid,2
china,2
lloyd,2
cerber,2
white,2
forget,2
device,2
externality,2
takedown,2
great,2
response,2
offline,2
banking,2
scale,1
entire,1
pentagon,1
care,1
level,1
presidential,1
command,1
messagebox,1
neutralize,1
kiddy,1
loic,1
leak,1
throttle,1
teen,1
repeat,1
someone,1
office,1
deezer,1
matter,1
ban,1
click,1
store,1
company,1
way,1
notification,1
exercise,1
impact,1
detail,1
quite,1
increase,1
cctv,1
stresser,1
give,1
call,1
demand,1
fact,1
sign,1
defender,1
today,1
summit,1
patch,1
repoed,1
compute,1
page,1
vdos,1
admirable,1
camp,1
order,1
video,1
timeline,1
major,1
tbps,1
provider,1
action,1
performance,1
zapad,1
business,1
mislead,1
chinese,1
breach,1
mess,1
garbage,1
late,1
cobra,1
please,1
gmail,1
cache,1
world,1
dutch,1
week,1
jazeera,1
setup,1
neat,1
po,1
blackmail,1
asshole,1
work,1
victim,1
resilience,1
land,1
interrupt,1
cripple,1
spam,1
episode,1
infrastructure,1
pressure,1
player,1
repo,1
weakness,1
statement,1
relay,1
gbps,1
happen,1
future,1
donald,1
apology,1
protect,1
global,1
evernote,1
guidance,1
shitty,1
stay,1
cameron,1
madness,1
twitter,1
community,1
platform,1
demilitarise,1
repos,1
sanction,1
server,1
kudos,1
sophos,1
estonia,1
lesson,1
mitigate,1
phantom,1
warn,1
coverage,1
podcast,1
high,1
webview,1
resist,1
online,1
rowland,1
skidware,1
advice,1
day,1
sensible,1
measure,1
front,1
league,1
ddbc,1
google,1
automotive,1
break,1
tribune,1
bitcoin,1
effect,1
competitor,1
charity,1
bittorrent,1
newspaper,1
country,1
assess,1
face,1
punishes,1
rise,1
crucial,1
hidden,1
history,1
lottery,1
campaign,1
evidence,1
misconfiguration,1
understand,1
distribute,1
discover,1
miss,1
script,1
easy,1
anti,1
add,1
denial,1
malsapm,1
coincide,1
extoions,1
cybersecurity,1
last,1
fake,1
iranian,1
survive,1
expe,1
mobile,1
view,1
next,1
coincidence,1
hacker,1
success,1
unusual,1
publish,1
island,1
advance,1
expes,1
locky,1
klrepo,1
wikileaks,1
teamviewer,1
veers,1
track,1
israeli,1
directive,1
feature,1
hour,1
titanium,1
name,1
news,1
county,1
ismgsummits,1
good,1
jewelry,1
talk,1
reflective,1
ismg,1
right,1
christmas,1
cybercrime,1
total,1
thing,1
flood,1
help,1
polarity,1
prevent,1
free,1
suggest,1
trigger,1
customer,1
election,1
warp,1
separate,1
