encryption,187
good,14
work,10
apple,10
backdoor,9
use,8
security,8
ransomware,8
attack,8
debate,8
break,7
talk,7
disk,7
whatsapp,6
user,6
product,6
hard,6
algorithm,6
block,6
story,5
encrypt,5
paper,5
government,5
door,5
idea,5
crypto,5
default,5
company,4
call,4
interest,4
secure,4
privacy,4
internet,4
imessage,4
sorry,4
email,4
blog,4
understand,4
file,4
base,4
post,4
aicle,4
full,4
financial,3
flaw,3
pa,3
ban,3
gchq,3
home,3
analysis,3
forget,3
terrorist,3
time,3
chief,3
access,3
future,3
reverse,3
solution,3
dark,3
update,3
program,3
rigek,3
surveillance,3
bos,3
mandate,3
former,3
message,3
location,3
blowfish,3
paris,3
last,3
week,3
mention,3
nist,3
china,3
study,3
impoant,3
thing,3
skype,3
withdrawal,2
apps,2
homomorphic,2
twofish,2
document,2
outlaw,2
detail,2
give,2
protocol,2
politician,2
israel,2
reading,2
chip,2
elcomsoft,2
hannigan,2
change,2
authentication,2
firm,2
software,2
intelligence,2
decryption,2
regulate,2
propose,2
hinder,2
policy,2
reject,2
matthew,2
secretary,2
drive,2
unbreakable,2
rune,2
australia,2
light,2
request,2
tech,2
communication,2
european,2
enable,2
half,2
protects,2
hamper,2
green,2
voice,2
engineer,2
stop,2
offer,2
nation,2
process,2
david,2
filevault,2
record,2
serious,2
cameron,2
round,2
qaeda,2
survey,2
much,2
techie,2
easy,2
re,2
cryptography,2
proprietary,2
comment,2
decrypt,2
aussie,2
reason,2
freedom,2
digital,2
length,2
mobile,2
folks,2
parliament,2
data,2
publish,2
isps,2
blackberry,2
administration,2
abstract,2
able,2
weaken,2
surprise,2
draft,2
strong,2
worldwide,2
york,2
rudd,2
petya,2
release,2
chaocipher,2
device,2
essential,2
push,2
agency,2
significant,2
great,2
detect,2
robe,2
announce,2
tool,1
service,1
escrow,1
find,1
chkdsk,1
delivers,1
forensic,1
decent,1
eitest,1
fpga,1
extraction,1
error,1
sound,1
confidentiality,1
drug,1
alternative,1
suppos,1
secret,1
underway,1
arrest,1
director,1
someone,1
hosp,1
bias,1
content,1
demise,1
usabilit,1
ceificates,1
ouch,1
integrity,1
safe,1
latter,1
common,1
way,1
united,1
graphs,1
impact,1
heuristic,1
rockloader,1
spy,1
public,1
tighten,1
inspires,1
repo,1
viex,1
xpan,1
criminal,1
best,1
commentary,1
implementation,1
war,1
hame,1
numbe,1
ashkan,1
lock,1
demand,1
difficulty,1
euro,1
book,1
worry,1
today,1
opsec,1
summary,1
morning,1
test,1
failure,1
thriller,1
repoed,1
roll,1
broke,1
middle,1
dissect,1
fake,1
fantasy,1
closing,1
transmit,1
encrypts,1
heist,1
ecosystem,1
promote,1
asap,1
collapse,1
interested,1
intercept,1
unofficial,1
reviewer,1
pas,1
economic,1
major,1
cause,1
google,1
bitlocker,1
compute,1
effo,1
xilinx,1
govt,1
decryptor,1
tidbit,1
fellow,1
nominee,1
mental,1
concise,1
lever,1
early,1
bitstream,1
recipient,1
writeup,1
encry,1
monday,1
small,1
phone,1
firmware,1
board,1
harde,1
cereal,1
cyberconf,1
paicular,1
say,1
identity,1
biology,1
cipher,1
inaccuracy,1
trump,1
exchange,1
threema,1
hope,1
revelation,1
defensible,1
algo,1
rapid,1
itre,1
dynamic,1
final,1
victim,1
unbrea,1
matt,1
forensics,1
dangerous,1
enforcement,1
many,1
swift,1
india,1
wonder,1
power,1
fish,1
deep,1
note,1
cascade,1
session,1
flush,1
eprivacy,1
qwgfdcetop,1
benefit,1
oppounity,1
lars,1
firewall,1
argue,1
lillipop,1
literature,1
fix,1
interesting,1
assessment,1
speck,1
pursuin,1
oppos,1
legal,1
vulnerability,1
github,1
baker,1
karsten,1
soltani,1
depth,1
guideline,1
global,1
house,1
mess,1
cryptanalysis,1
logic,1
option,1
load,1
everyone,1
committee,1
investig,1
plug,1
fire,1
window,1
variant,1
commercial,1
phase,1
historical,1
nokia,1
office,1
anti,1
reignite,1
anomisat,1
appliance,1
repos,1
android,1
dear,1
network,1
sholy,1
sense,1
johnny,1
primer,1
source,1
bit,1
practice,1
bill,1
specific,1
role,1
sophos,1
pick,1
endpoint,1
state,1
lesson,1
make,1
brainstorm,1
neumann,1
weird,1
crack,1
effective,1
thems,1
workarounds,1
side,1
simon,1
balance,1
whole,1
model,1
payload,1
high,1
telephone,1
aspect,1
provide,1
nice,1
senate,1
fight,1
display,1
clever,1
bypass,1
grasp,1
sensible,1
decline,1
stuff,1
measure,1
allow,1
address,1
congress,1
front,1
obama,1
victor,1
application,1
mind,1
fail,1
technologist,1
accord,1
ricoh,1
novel,1
satellite,1
distinction,1
evans,1
attempt,1
channel,1
provocative,1
symmetric,1
join,1
first,1
technology,1
believe,1
breakfast,1
hardware,1
castle,1
alghoritms,1
clipper,1
damn,1
law,1
implant,1
campaign,1
critical,1
people,1
help,1
offering,1
amendment,1
credential,1
pursue,1
definition,1
wikileaks,1
fast,1
blaze,1
researcher,1
trojan,1
white,1
mount,1
version,1
proxi,1
explosive,1
inspection,1
scientist,1
add,1
follower,1
threat,1
architecture,1
double,1
moot,1
analyz,1
corporate,1
infosec,1
finfisher,1
commissioner,1
burrfeinstein,1
standard,1
viber,1
mechanical,1
point,1
mass,1
evaluate,1
bank,1
advises,1
unitedsummit,1
werner,1
expe,1
israeli,1
meet,1
case,1
thesas,1
math,1
information,1
electronic,1
possible,1
speculate,1
next,1
trouble,1
discussion,1
mean,1
giant,1
heat,1
legisla,1
awhile,1
value,1
intrusive,1
daniel,1
nohl,1
principal,1
description,1
spoiler,1
undermine,1
distrustful,1
saturday,1
hazy,1
plan,1
hallam,1
ecdsa,1
bunch,1
belong,1
kind,1
browser,1
france,1
reboot,1
wifi,1
traffic,1
invent,1
leak,1
sure,1
steal,1
team,1
obligation,1
quantum,1
impoance,1
pair,1
danny,1
unohodox,1
prevent,1
williams,1
doubt,1
key,1
impossible,1
track,1
news,1
police,1
defeat,1
isi,1
compromise,1
yahoo,1
cloud,1
issue,1
whatapp,1
market,1
force,1
risk,1
system,1
physical,1
foia,1
defcon,1
honour,1
customize,1
axelle,1
right,1
group,1
knit,1
lollipop,1
iphone,1
maintain,1
ascii,1
character,1
usability,1
ve,1
mode,1
need,1
rannohdecryptor,1
headline,1
immobilizers,1
statls,1
javascript,1
multiple,1
europol,1
claim,1
scan,1
argument,1
detailed,1
empirepack,1
something,1
human,1
microsoft,1
comey,1
code,1
attribute,1
snoden,1
functional,1
censorship,1
reveals,1
processor,1
computer,1
complain,1
free,1
cryptoware,1
truecrypt,1
worried,1
sell,1
excellent,1
plughole,1
testimony,1
manage,1
place,1
rig,1
