hacker,538
steal,48
russian,45
hack,40
data,37
security,34
attack,30
malware,28
account,24
hijack,22
email,20
target,19
bank,18
flaw,17
claim,17
government,16
year,16
arrest,16
leak,16
stole,15
state,14
password,14
equifax,13
use,13
access,13
election,13
company,12
trump,12
database,12
group,12
user,12
break,12
anonymous,11
people,11
interest,11
allege,11
story,11
website,10
site,10
infosec,10
card,10
hackers',10
british,10
twitter,10
customer,10
facebook,9
time,9
ransom,9
vulnerability,9
information,9
credit,9
apple,9
system,9
internet,9
blackmail,8
game,8
team,8
photo,8
dark,8
online,8
control,8
stop,8
post,8
swift,7
real,7
plan,7
journalist,7
cyber,7
firm,7
software,7
nude,7
victim,7
aicle,7
attempt,7
fancy,7
bear,7
threat,7
cybersecurity,7
fake,7
thesas,7
breach,7
dump,6
parliament,6
isi,6
criminal,6
sentence,6
romanian,6
ability,6
tool,6
medium,6
someone,6
noh,6
video,6
lock,6
strike,6
work,6
power,6
repo,6
insider,6
world,6
bangladesh,6
record,6
campaign,6
microsoft,6
hire,6
police,6
developer,6
code,6
presidential,5
content,5
router,5
tell,5
ransomware,5
russia,5
payment,5
month,5
abuse,5
offer,5
sony,5
central,5
maker,5
call,5
hotel,5
home,5
cou,5
hunt,5
force,5
phone,5
base,5
trading,5
thing,5
blame,5
number,5
office,5
child,5
operation,5
secure,5
talk,5
hour,5
show,5
check,5
social,5
hard,5
chinese,5
malicious,5
interview,5
last,5
confirm,5
car,5
vendor,5
admit,5
computer,5
command,4
cause,4
ce,4
detail,4
linkedin,4
exploit,4
official,4
conversation,4
camp,4
worker,4
private,4
defense,4
deface,4
machine,4
threaten,4
researcher,4
ethical,4
crack,4
holiday,4
brute,4
week,4
critical,4
ukraine,4
warn,4
teen,4
learn,4
thanks,4
prague,4
book,4
able,4
satellite,4
help,4
sma,4
beware,4
movie,4
depament,4
drive,4
spyware,4
change,4
podcast,4
provider,4
hackerone,4
money,4
big,4
spy,4
problem,4
evidence,4
good,4
drone,4
macron,4
stuff,4
join,4
wash,4
hold,4
point,4
instal,4
become,4
guilty,4
form,4
remote,4
vacation,4
release,4
service,3
speech,3
tale,3
kremlin,3
cooker,3
safe,3
patient,3
next,3
cosmetic,3
explosive',3
send,3
dazzle,3
bounty,3
something,3
block,3
heist,3
metasploitable,3
ddos,3
friendship,3
scottish,3
victims',3
interesting,3
listen,3
attack',3
plugin,3
slack,3
family,3
patients',3
guccifer,3
smith,3
ireland,3
admits,3
special,3
sonar,3
spammy,3
request,3
stalk,3
lawyer,3
impressed,3
stealth,3
sophisticated,3
bomber,3
m,3
zazzle,3
recognition,3
source,3
chase,3
sponsor,3
customers',3
pay,3
monitor,3
major,3
friendly,3
least,3
deliver,3
blog,3
cazador,3
personal,3
file,3
minipro,3
surgery,3
hole,3
large,3
poison,3
fight,3
iranian,3
september,3
organisation,3
advance,3
third,3
enough,3
extradite,3
infer,3
dallas,3
edmodo,3
reveals,3
korea,3
christmas,3
samsung,3
missile,3
device,3
lesson,3
ethereum,3
woh,3
smacam,3
cyberpunk,3
sell,3
patch,3
entire,3
education,3
jayden,3
echo,3
network,3
ismgsummits,3
document,3
agent,3
actor,3
hash,3
collusion,3
give,3
roast,3
owner,3
secret,3
discover,3
google,3
bugdrop,3
bitdefender,3
hoax,3
neighborhood,3
dutch,3
infrastructure,3
crash,3
emergency,3
mirai,3
bite,3
ohio,3
hypponen,3
update,3
program,3
investor,3
jail,3
own,3
fret,3
member,3
mill,3
smash,3
different,3
word,3
razzle,3
snowden,3
outage,3
case,3
publish,3
throne,3
exaggerate,3
wordpress,3
woman,3
platform,3
sure,3
credential,3
news,3
york,3
hyundai,3
suspect,3
trick,3
pleads,3
cisco,3
proteger,3
democrat,3
gigabyte,3
toolbar,3
banking,3
squid,2
level,2
crimeware,2
reveal,2
much,2
verification,2
vehicle,2
gchq,2
typo,2
link,2
c,2
address,2
america,2
bug,2
assist,2
israel,2
roger,2
wanted,2
floppy,2
putin,2
intercept,2
instagram,2
grid,2
fundraise,2
italy,2
spam,2
guide,2
house,2
intelligence,2
robot,2
late,2
cost,2
identity,2
infect,2
madison,2
battle,2
into',2
westminster,2
mr,2
chrome,2
ugnazi,2
wendy,2
mo,2
stay,2
design,2
yeah,2
cardiff,2
sean,2
findikoglu,2
browser,2
dnssec,2
joomla,2
upski,2
date,2
david,2
parity,2
exto,2
bitcoin,2
read,2
acid,2
extension,2
watch,2
sexual,2
bureau,2
write,2
organization,2
easy,2
letter,2
meet,2
docusign,2
pirate,2
breakt,2
black',2
everyone,2
strange,2
bust,2
emmanuel,2
eavesdrop,2
billboard,2
takeover,2
helpful,2
connect,2
flag,2
compromise,2
draft,2
gold,2
devs',2
fulfil,2
casino,2
troll,2
physical,2
organizational,2
expose,2
cybercrime,2
more,2
prison,2
respond,2
mercenary,2
info,2
hide,2
vuln,2
beckham,2
excellent,2
rental,2
canadian,2
probe,2
park,2
turkish,2
baby,2
netflix,2
view,2
feed,2
vevo,2
share,2
narrate,2
weapon,2
laptop,2
cloud,2
freedom,2
sign,2
tie,2
couple,2
paper,2
proof,2
bogus,2
govt,2
vil,2
music,2
rollerblade,2
defcon,2
reward,2
product,2
cash,2
know,2
hackers,2
ukrainian,2
conference,2
trip,2
fish,2
jpmorgan,2
wannacry,2
exclusive,2
fantasy,2
sthack,2
dozen,2
clue,2
protect,2
inject,2
fin,2
wallet,2
window,2
period,2
guess,2
popular,2
peter,2
disclosure,2
downloads,2
server,2
bill,2
type,2
suppo,2
reserve,2
burn,2
mikko,2
verify,2
nice,2
protective,2
display,2
bypass,2
measure,2
energy,2
virus,2
continue,2
iama,2
indonesian,2
play,2
style,2
summer,2
kaspersky,2
caribbean,2
blender,2
sonyhack,2
propeies,2
foreign,2
specialist,2
wipe,2
analysis,2
recent,2
launch,2
modern,2
callisto,2
amazon,2
wait,2
idea,2
kimpton,2
infamous,2
kind,2
gain,2
track,2
orange,2
korean,2
executive,2
feature,2
tank,2
ercan,2
china,2
risk,2
theft,2
restaurant,2
right,2
thermostat,2
total,2
defaces,2
german,2
french,2
great,2
synonymous,2
answer,2
ashley,2
fair,2
threatmodel,2
titanium,1
por,1
eclipse,1
depository,1
exact,1
mirror,1
slot,1
want,1
peer,1
shipping,1
citadel,1
movement,1
privacy,1
arrive,1
atm,1
solution,1
spamhaus,1
habla,1
extoion,1
liverpudlian,1
ninja,1
way,1
utility,1
global,1
botnets,1
scada,1
likely,1
carey,1
messaging,1
hiring,1
harassme,1
notpetya,1
antivirus,1
registrar,1
town,1
destaca,1
askgreat,1
impersonate,1
muni,1
miko,1
connected,1
reader,1
mind,1
cardinal,1
rider,1
demand,1
significance,1
defender,1
embezzli,1
whistleblower,1
outside,1
fuzzin,1
counter,1
itsec,1
lurk,1
repoed,1
haces,1
darkweb,1
extos,1
jam,1
botnet,1
blogging,1
institution,1
squad,1
concern,1
hang,1
pentesting,1
hackerspace,1
anger,1
july,1
amount,1
rootedcon,1
chip,1
threatintel,1
backdoor,1
reasonable,1
traveler,1
quiet,1
mariah,1
series,1
monitoring,1
taiwanese,1
comment',1
performance,1
many,1
fireeye,1
director,1
business,1
handle,1
duqu,1
employee,1
influence,1
todonomicon,1
maniac,1
habit,1
political,1
operator,1
conspiracy,1
spanish,1
woolwohs,1
clinic,1
panel,1
master,1
stuxnet,1
long,1
activity,1
webmail,1
invisible,1
leaktheanalyst,1
caffrey,1
deal,1
extradites,1
detalle,1
electric,1
client,1
fifty,1
newswohy,1
oblivion,1
affiliated,1
nothing,1
infection,1
welcome,1
swiftqueue,1
enforcement,1
maturity,1
infidelity,1
note,1
everyday,1
reverse,1
room,1
heard,1
shit,1
docs,1
wrong,1
item,1
fall,1
parent,1
move,1
spoke,1
fix,1
repoer,1
sabre,1
cover,1
border,1
nasty,1
hello,1
myspace,1
chipotle,1
investigation,1
hospital,1
policy,1
viles,1
topinnovators,1
yesterday,1
curious,1
national,1
hajime,1
create,1
reuters,1
unable,1
grime,1
free,1
nemesis,1
cock,1
deben,1
processor,1
pillage,1
ready,1
anything,1
cybeheft,1
healthcare,1
cellphone,1
announcement,1
generation,1
line,1
employ,1
unsung,1
stone,1
household,1
worm,1
traceable,1
low,1
self,1
repels,1
vigilante,1
hitcon,1
area,1
proclaim,1
drop,1
login,1
uconnect,1
conve,1
delete,1
coverage,1
este,1
research,1
hoverboard,1
ccleaner,1
high,1
caucasian,1
disable,1
ciberseguridad,1
seller,1
pressure,1
penetrate,1
lazarus,1
powershell,1
chain,1
table,1
connection,1
appeal,1
ellos,1
cybercriminal,1
mandate,1
mechanic,1
albe,1
candidate,1
india,1
blackhistorymonth,1
protegee,1
love,1
disrupt,1
poor,1
hea,1
minimum,1
analyst,1
technology,1
format,1
rise,1
false,1
vote,1
vulnerabil,1
description,1
declare,1
clever,1
distribute,1
ddmmyyhhmm,1
ferry,1
square,1
porayals,1
open,1
iphones,1
censorship,1
outline,1
opmhack,1
active,1
kill,1
marketing,1
airplane,1
apa,1
kavrakov,1
january,1
scammer,1
decent,1
clone,1
taiwan,1
saas,1
romania,1
wise,1
advantage,1
incident,1
fraud,1
caught,1
graphic,1
insta,1
prayer,1
ferrari,1
bsidesldn,1
destruction,1
empt,1
malaysia,1
smorgasbord,1
rob,1
harden,1
defacement,1
pasar,1
lone,1
outwit,1
electronic,1
cheer,1
press,1
hero,1
taylor,1
giant,1
bad,1
countdown,1
come,1
value,1
told,1
girl,1
robbery,1
spot,1
engineering,1
dollar,1
young,1
highway,1
community,1
veers,1
norway,1
internal,1
damn,1
markrasch,1
available,1
name,1
purpoed,1
commute,1
corruption,1
charlie,1
cool,1
abstract,1
enable,1
blackout,1
treason,1
crackdown,1
defend,1
unseal,1
nazi,1
turkey,1
little,1
surprise,1
flexispy,1
postie,1
downplays,1
grill,1
ticket,1
informant,1
associate,1
symantec,1
board,1
ritical,1
ismg,1
tension,1
attribution,1
engineer,1
mimikatz,1
culture,1
germany,1
death,1
porsches,1
convict,1
unfamiliar,1
getup,1
winaflheatmaps,1
turn,1
vigilant,1
nikulin,1
negotiate,1
busy,1
phish,1
destroy,1
suspected,1
sxsw,1
availability,1
underage,1
briefly,1
illeg,1
sonic,1
prevent,1
aircraft,1
cha,1
daily,1
stock,1
size,1
cous,1
fallback,1
telekom,1
devastate,1
survive,1
resume,1
cern,1
result,1
hand,1
author,1
reference,1
feel,1
ceified,1
question,1
baseball,1
crystal,1
brand,1
rolexes,1
london,1
talktalk,1
con,1
gabriella,1
store,1
blunder,1
pa,1
realistic,1
hint,1
spiderman',1
choice,1
designer,1
clean,1
sixteen,1
squirrel,1
capture,1
memo,1
jeep,1
behavior,1
secot,1
true,1
miss,1
stresser,1
contact,1
shopping,1
attacks,1
urgently',1
founder,1
print,1
contradict,1
poll,1
infiltrate,1
worry,1
today,1
spread,1
speaking,1
test,1
hungarian,1
dull,1
avoid,1
minesweeper,1
prng,1
page,1
calc,1
list,1
order,1
interested,1
kettle,1
cyberattack,1
sirens,1
nation,1
cyberfraud,1
intel,1
poal,1
viues,1
eugene,1
brit,1
gorge,1
chat,1
august,1
cripple,1
keep,1
husband',1
management,1
zero,1
stas,1
load,1
crypto,1
voip,1
disinformation,1
pop,1
minefield,1
shadowbrokers,1
cosplay,1
tip,1
decryption,1
confuse,1
firmware,1
invalid,1
mandiant,1
please,1
gmail,1
amazing,1
confess,1
rus,1
ball,1
submit,1
responsible,1
truth,1
vacate,1
chief,1
mastermind,1
cebit,1
download,1
korean',1
restrict,1
terror,1
dominate,1
electricity,1
investigator,1
clinton,1
sale,1
alibaba,1
terminal,1
region,1
encourage,1
ssid,1
tunn,1
wire,1
admins,1
fear,1
projectile,1
peace,1
topic,1
legal,1
light,1
fiber,1
foxit,1
lengthy,1
folk,1
example,1
demo,1
fail,1
gonzalez,1
aerospace,1
sobig,1
checklist,1
wifimyth,1
symbolic,1
rocket,1
tech,1
bitcoins,1
petrwrap,1
radio,1
breache,1
protege,1
magazine,1
european,1
recruit,1
resos,1
anti,1
former,1
hype,1
need,1
bravo,1
thai,1
multiple,1
royces,1
suspici,1
teller,1
jackpotting,1
doc,1
promise,1
perception,1
rsac,1
process,1
goodbye,1
omnipotent,1
military,1
mail,1
turla,1
teena,1
definition,1
amass,1
lessen,1
piece,1
famous,1
side,1
soy,1
well,1
training,1
micros,1
react,1
motherboard,1
manual,1
resist,1
apology,1
deutsche,1
poser,1
affect,1
wrestle,1
previous,1
advice,1
teufelsberg,1
engine,1
marker,1
detains,1
negligent,1
kevin,1
angeles,1
compare,1
airbags,1
oracle,1
llamo,1
neighbourhood,1
effect,1
message,1
absurd,1
honor,1
channel,1
mundo,1
thesis,1
cryptocurrency,1
washington,1
winafl,1
tessa,1
cybermyth,1
frontrunner,1
occult,1
twseries,1
lack,1
offering,1
solar,1
vulns,1
bluff,1
amateur,1
mexican,1
industry,1
step,1
white,1
accept,1
integrity,1
discus,1
friday,1
motivated,1
say,1
comment,1
hackerswithgooglyeyes,1
womenintech,1
double,1
uppercase,1
decrypt,1
users',1
spammer,1
attacker,1
dmca,1
goal,1
cliche,1
cache,1
scan,1
guest,1
ceopmd,1
skim,1
cheap,1
fisher,1
event,1
gover,1
harassment,1
stackoverflowin,1
slideshare,1
ceci,1
hsinchu,1
ordenador,1
badge,1
scare,1
drain,1
traffic,1
everything,1
object,1
bear',1
reminder,1
practice,1
andy,1
academics,1
ghost,1
eye,1
taobao,1
bond,1
bring,1
bulgarian,1
kiss,1
france,1
islamic,1
santa,1
dispute,1
thank,1
screen,1
newcastle,1
collaborating,1
insult,1
hobby,1
circumvents,1
msging,1
revoir,1
stressor,1
doubt,1
hollywood,1
nightmare,1
investbank,1
guarantee,1
explanation,1
register,1
nest,1
reset,1
gnarly,1
symbol,1
western,1
reality,1
moment,1
wowsmith,1
philippine,1
technician,1
cop,1
indictment,1
neat,1
naive,1
crew,1
coleman,1
shadowit,1
seleznev,1
medical,1
vidania,1
donald,1
onion,1
character,1
apprehend,1
valerie,1
catch,1
omni,1
cookie,1
install,1
improve,1
introduce,1
sticker,1
mouse,1
notorious,1
shodan,1
require,1
teach,1
title,1
teslacrypt,1
incentivize,1
teenager,1
grey,1
effo,1
maas,1
hacking,1
favorite,1
mamba,1
evolve,1
cybehreats,1
suggest,1
udids,1
mile,1
iraqi,1
