email,50
phishing,37
site,27
google,26
campaign,21
link,20
attack,19
use,17
target,15
hancitor,12
page,11
gmail,11
repo,11
spam,10
fake,10
malware,10
message,9
host,9
user,8
breach,8
suspicious,8
address,7
list,7
domain,7
webmail,7
doc,7
login,7
fight,7
phish,7
someone,6
click,6
encrypt,6
look,6
paypal,6
social,6
engineering,6
mail,6
threat,6
data,6
rule,6
obvious,5
facebook,5
account,5
spear,5
try,5
week,5
chrome,5
commercial,5
website,5
fraud,5
last,5
value,5
good,5
issue,5
perceive,5
dropbox,5
scammer,5
minute,5
security,5
customer,5
today,4
firm,4
victim,4
docusign,4
compromise,4
real,4
verizon,4
blog,4
delivery,4
effective,4
people,4
step,4
unicode,4
form,4
credential,4
talk,4
trace,4
interest,4
tool,3
ce,3
espionage,3
company,3
document,3
best,3
exploit,3
repoed,3
con,3
authentication,3
delay,3
time,3
employee,3
watch,3
detect,3
stinge,3
fish,3
appear,3
send,3
scheme,3
investigate,3
july,3
enterprise,3
malicious,3
exchange,3
twitter,3
massive,3
active,3
mobile,3
view,3
barclays,3
credit,3
bank,3
blend,3
internal,3
leak,3
card,3
feature,3
hack,3
update,3
work,3
malspam,3
post,3
swindle,3
scam,3
code,3
great,3
find,2
info,2
network,2
corporate,2
verification,2
term,2
june,2
detail,2
solution,2
awesome,2
spread,2
submission,2
thread,2
ask,2
monitor,2
block,2
equifax,2
russian,2
fix,2
urls,2
amount,2
point,2
transpo,2
conduct,2
ghostbin,2
chinese,2
blow,2
url,2
source,2
identity,2
defense,2
huge,2
cyber,2
phishi,2
vulnerable,2
html,2
receive,2
encourage,2
discovers,2
preparers,2
demo,2
activist,2
protect,2
investigation,2
contain,2
iranian,2
catphish,2
government,2
office,2
infosec,2
server,2
eternalblue,2
crack,2
serious,2
password,2
netcraft,2
day,2
provider,2
david,2
freak,2
linkedin,2
faceid,2
visit,2
attempt,2
affect,2
correct,2
locky,2
much,2
capable,2
open,2
interview,2
copycat,2
story,2
turn,2
text,2
addressed,2
ale,2
jevans,2
case,2
theme,2
game,2
hacker,2
fancy,2
microsoft,2
regex,2
ruby,2
place,2
improvement,2
pivot,2
skid,2
risk,2
return,2
argue,2
firefox,2
right,2
direct,2
window,2
need,2
factor,2
image,2
multiple,2
claim,2
avoid,2
respond,2
prevent,2
specific,2
full,2
yikes,1
deal,1
behave,1
think,1
coat,1
client,1
python,1
simplytemplate,1
revenge,1
question,1
command,1
manages,1
delete,1
brand,1
fido,1
financial,1
arrest,1
fedex,1
galaxygymnastics,1
flaw,1
trampoline,1
researcher,1
matter,1
pa,1
powell,1
golde,1
store,1
voire,1
synci,1
phishers,1
action,1
outlook,1
metasploit,1
raskin,1
super,1
nuke,1
belgian,1
notification,1
impact,1
feed,1
recover,1
eastern,1
domage,1
wirex,1
public,1
trap,1
deliver,1
creds,1
course,1
quarantine,1
podesta,1
special,1
funny,1
preview,1
misuse,1
bolster,1
second,1
waarschijnlijk,1
mean,1
drive,1
hydra,1
class,1
pdfs,1
ontvanger,1
sign,1
tale,1
push,1
quickbooks,1
opendns,1
reminder,1
offer,1
danske,1
pony,1
more,1
mammaling,1
oppounities,1
skype,1
laser,1
wide,1
botnet,1
something,1
institution,1
ecosystem,1
dmarc,1
order,1
sho,1
pretending,1
directory,1
ddos,1
hint,1
similar,1
redirects,1
desktop,1
backdoor,1
devious,1
andersonsmiledoc,1
nice,1
series,1
lithuania,1
constant,1
shoener,1
politician,1
senator,1
repeat,1
motherboard,1
cisc,1
caoon,1
harm,1
govt,1
guide,1
software,1
business,1
handle,1
mislead,1
marketplace,1
federal,1
onion,1
worm,1
operationkingphish,1
recipient,1
shield,1
comic,1
skvcprotonmailch,1
late,1
remove,1
survey,1
relationship,1
language,1
woooooot,1
bouncebacks,1
private,1
pour,1
base,1
firsthand,1
hackback,1
dutch,1
know,1
technique,1
hop,1
wifi,1
bullet,1
rapid,1
blue,1
amis,1
http,1
vector,1
education,1
javascript,1
booth,1
require,1
barrier,1
wonder,1
power,1
eliminate,1
babby,1
obfuscation,1
infrastructure,1
rediscover,1
carefull,1
wannacry,1
sale,1
move,1
firewall,1
entire,1
night,1
lead,1
responder,1
blacklist,1
provision,1
aanhef,1
iframe,1
vulnerability,1
combat,1
branch,1
mailbox,1
sensitive,1
related,1
folk,1
phishtank,1
valuable,1
ngo,1
execution,1
privacy,1
create,1
identifies,1
next,1
token,1
naam,1
solicit,1
sorry,1
variant,1
hotness,1
month,1
end,1
community,1
write,1
weak,1
fraudsters,1
avec,1
appliance,1
repos,1
invalid,1
citizenlab,1
webroot,1
googledoc,1
sender,1
unused,1
friend,1
warrant,1
browser,1
shitty,1
lot,1
ideal,1
kudos,1
spyke,1
doublepulsar,1
mercure,1
suppo,1
accident,1
pwnage,1
sophos,1
pick,1
infosecfail,1
eager,1
area,1
anthony,1
gather,1
successful,1
bounceback,1
tolower,1
detain,1
verify,1
likely,1
prop,1
training,1
everybody,1
mailwizz,1
input,1
honeypot,1
webview,1
essential,1
theft,1
phisher,1
macron,1
rowland,1
major,1
acces,1
display,1
egyptian,1
bypass,1
stuff,1
font,1
china,1
take,1
pages',1
prize,1
year,1
writeups,1
energy,1
simplistic,1
xkcd,1
woh,1
shady,1
cmstar,1
former,1
fail,1
hxxp,1
justsecuritythings,1
accord,1
epicfail,1
annual,1
love,1
communaut,1
round,1
member,1
incorrect,1
extension,1
door,1
join,1
sheesh,1
share,1
neglect,1
word,1
attachment,1
kamer,1
cannot,1
critical,1
nobody,1
additional,1
personal,1
europe,1
satisfying,1
ukraine,1
ton,1
trojan,1
austin,1
sector,1
different,1
monitoring,1
version,1
detection,1
whale,1
clear,1
redirectors,1
anything,1
lose,1
profile,1
sens,1
incredible,1
attacker,1
standard,1
cybersecurity,1
body,1
valid,1
forcepoint,1
describe,1
unravel,1
msg,1
ethical,1
call,1
qatar,1
aiss,1
auto,1
tweede,1
invoice,1
outwit,1
information,1
possible,1
sans,1
android,1
radiation,1
trouble,1
become,1
malwaremustdie,1
getroffen,1
afternoon,1
present,1
advance,1
apple,1
inboxes,1
amazon,1
kaspersky,1
evilginx,1
defcon,1
contractor,1
confirm,1
etbroadband,1
klrepo,1
highlight,1
understand,1
onag,1
mention,1
entry,1
slang,1
francophone,1
alter,1
simultaneous,1
meterpreter,1
cybercriminals,1
thats,1
simple,1
supercharger,1
anonymous,1
woman,1
secureonlinepo,1
connect,1
name,1
sure,1
unit,1
match,1
complete,1
template,1
francophones,1
enable,1
explain,1
remote,1
nightmare,1
background,1
filter,1
apache,1
county,1
ismgsummits,1
joke,1
precision,1
free,1
shi,1
belarusian,1
moment,1
solid,1
arbitrary,1
system,1
test,1
reject,1
hash,1
privilege,1
spidey,1
inmail,1
mouseover,1
register,1
sunrise,1
example,1
get,1
tactic,1
choke,1
own,1
thing,1
stop,1
resource,1
bear,1
shittiest,1
silver,1
parliamentary,1
nlse,1
framework,1
vendor,1
various,1
help,1
figure,1
human,1
nepal,1
french,1
seem,1
mitb,1
schmemail,1
vuln,1
tuning,1
weird,1
tried,1
executive,1
computer,1
drop,1
href,1
suggest,1
owamailstaffstudentverification,1
repoers,1
catch,1
stem,1
hijack,1
