ransomware,715
attack,65
cerber,56
wannacry,44
petya,43
file,37
use,35
locky,34
spread,28
extension,24
malware,24
bitcoin,23
security,23
android,22
drop,22
campaign,21
week,20
victim,20
good,20
blog,18
target,16
call,15
data,14
update,14
rigek,14
threat,14
ukraine,13
delivers,13
late,13
eitest,12
exploit,12
note,12
look,12
payment,12
pcap,12
police,12
wallet,12
write,12
malspam,12
cryptxxx,12
release,12
encrypt,11
infection,11
repo,11
variant,11
user,11
outbreak,11
host,11
post,11
sample,11
send,10
arrest,10
ransom,10
rise,10
jaff,10
podcast,10
decryption,10
angler,9
decryptor,9
push,9
pseudodarkleech,9
name,9
crypto,9
sage,9
lock,9
teslacrypt,9
company,8
pay,8
distribute,8
thanks,8
system,8
korea,8
cybercrime,8
cyber,8
google,8
lead,8
notpetya,8
hard,8
free,8
source,7
recover,7
backup,7
infect,7
check,7
state,7
crack,7
massive,7
learn,7
service,7
available,7
cryptomix,7
overview,7
detect,7
author,7
someone,7
page,7
worm,7
website,7
fake,7
spora,7
decrypt,7
case,7
school,7
stop,7
financial,6
many,6
purpose,6
neutrinoek,6
cash,6
researcher,6
russia,6
month,6
sense,6
university,6
repos,6
problem,6
hotel,6
tie,6
base,6
machine,6
criminal,6
today,6
cover,6
morning,6
petrwrap,6
break,6
attacker,6
cybersecurity,6
analysis,6
people,6
confirm,6
france,6
control,6
open,6
work,6
talk,6
spain,6
season,5
store,5
global,5
unit,5
wcry,5
firm,5
vega,5
cryptfile,5
thrive,5
infosec,5
camera,5
year,5
poison,5
want,5
fraud,5
mobile,5
pretend,5
kit,5
help,5
patch,5
day,5
know,5
kirk,5
steal,5
rapid,5
spam,5
money,5
lunch,5
software,5
avail,5
server,5
process,5
thing,5
play,5
gain,5
discus,5
theme,5
prevention,5
microsoft,5
key,5
compromise,5
diary,5
globeimposter,5
great,5
protect,4
hope,4
hour,4
extoion,4
respond,4
evasion,4
time,4
quick,4
link,4
master,4
filecoder,4
site,4
access,4
currency,4
healthcare,4
cryptoshield,4
browser,4
dridex,4
uiwix,4
warn,4
holiday,4
email,4
accord,4
advice,4
trend,4
tune,4
tube,4
little,4
issue,4
strong,4
group,4
device,4
charger,4
feedback,4
prevent,4
beware,4
switch,4
actor,4
give,4
chrome,4
operation,4
list,4
root,4
change,4
product,4
big,4
investigate,4
signature,4
hack,4
cryptolocker,4
malicious,4
gang,4
europol,4
affect,4
message,4
country,4
kaspersky,4
smash,4
trojan,4
trek,4
star,4
hacker,4
america,4
water,4
screen,4
track,4
news,4
official,4
developer,4
insurance,4
code,4
computer,4
complaint,4
banking,4
anyone,3
damage,3
leakerlocker,3
impact,3
june,3
detail,3
increase,3
address,3
mean,3
demand,3
entry,3
extos,3
slate,3
washington,3
room,3
ale,3
tencent,3
try,3
business,3
handle,3
life,3
forward,3
scheme,3
stupid,3
hospital,3
tool',3
stay,3
enable,3
wiper,3
prevalent,3
commercial,3
read,3
others,3
blank,3
script,3
register,3
get,3
eclipse,3
reason,3
crypt,3
xdata,3
supply,3
linux,3
revenge,3
bad,3
afternoon,3
attachment,3
millennium,3
blocker,3
special,3
connect,3
brazil,3
finance,3
image,3
woh,3
sma,3
grows,3
spos,3
blame,3
tweet,3
industry,3
care,3
hand,3
loss,3
cryptowire,3
crystal,3
london,3
number,3
network,3
office,3
destructive,3
incident,3
encryption,3
shade,3
depament,3
guest,3
extoionists,3
interest,3
proof,3
concept,3
prosecution,3
please,3
ukrainian,3
statement,3
folk,3
tech,3
denies,3
downloads,3
customer,3
lot,3
password,3
philadelphia,3
join,3
technical,3
nuclear,3
version,3
march,3
level',3
last,3
recent,3
publish,3
cryptmic,3
withdrawn,3
traffic,3
sure,3
korean,3
organization,3
tordow,3
response,3
readme,2
find,2
half,2
current,2
hopeless',2
ce,2
intelligence,2
flash,2
safe,2
botnets,2
nemesis,2
gchq,2
player,2
japanese,2
steady,2
error,2
israel,2
caret,2
adgholas,2
line,2
ask,2
something,2
excellent,2
btcware,2
institution,2
bcddd,2
cleanup,2
desktop,2
blankslate,2
digital,2
italy,2
proper,2
chinese,2
monero,2
attribu,2
domain,2
several,2
long,2
notice,2
private,2
cost,2
macro,2
welcome,2
vector,2
sundown,2
dangerous,2
battle,2
fund,2
warning,2
devs,2
australian,2
motif,2
danger,2
instruction,2
yesterday,2
create,2
launch,2
evolution,2
government,2
stress,2
toure,2
profitability,2
nomoreransom,2
much,2
redboot,2
payload,2
hydracrypt,2
table,2
allow,2
public,2
least,2
louis,2
brute,2
original,2
serve,2
revenue,2
reference,2
april,2
wikileaks,2
jigsaw,2
blessednetwork,2
easy,2
situation,2
mining,2
disk,2
head,2
online,2
mole,2
letter,2
action,2
romantic,2
wanacryptr,2
unknown,2
everyone,2
matrix,2
way,2
september,2
fact,2
enough,2
college,2
home,2
virus,2
sysinternals,2
bank,2
complete,2
team,2
makeover,2
holinergroup,2
mongodb,2
county,2
accidental,2
hit,2
force,2
physical,2
probate,2
live,2
canadian,2
death,2
notification,2
claim,2
ykcol,2
roll,2
real,2
finnish,2
ransomwar,2
timestamp,2
full,2
sell,2
speaker,2
couple,2
attach,2
factory,2
brand,2
kid,2
espionage,2
comprehensive,2
local,2
vacation,2
noh,2
readiness,2
info,2
paths,2
rigv,2
injury,2
insight,2
new,2
south,2
thor,2
lukitus,2
encrypts,2
order,2
video,2
think,2
shadow,2
widespread,2
magnitudeek,2
frame,2
rbblck,2
amass,2
gate,2
dutch,2
technique,2
stuff,2
piotrporo,2
ismgfraudandbreachsummit,2
font,2
power,2
flourish,2
serpent,2
maldoc,2
html,2
topic,2
thread,2
deploy,2
alpha,2
nasty,2
happen,2
investigation,2
game,2
guidance,2
guess,2
evidence,2
initial,2
utils,2
shut,2
internet,2
suppo,2
mitigate,2
wncry,2
model,2
decryptors,2
surveillance,2
nice,2
world,2
decline,2
silent,2
energy,2
record,2
test,2
visit,2
marketing,2
style,2
contains,2
nissan,2
addi,2
vulns,2
library,2
event,2
compile,2
rainy,2
perfect,2
view,2
december,2
possible,2
gobble,2
present,2
slide,2
share,2
iocs,2
kind,2
spock,2
custom,2
insult,2
feature,2
doubt,2
credential,2
ismgsummits,2
step,2
submission,2
market,2
wanacry,2
vulnerable,2
impoant,2
medical,2
different,2
mtgy,2
suppo',2
wave,2
collection,2
neutrino,2
scam,2
regard,2
educational,2
essential,2
kill,2
follow,2
story,2
supermarket,1
tool,1
sunlight,1
cure,1
sandbox,1
screenlocker,1
cryptoluck,1
python,1
authority,1
command,1
sheriff,1
characteristic,1
cause,1
hybrid,1
train,1
license,1
reveal,1
jewson,1
friday,1
dive,1
wannacrypt,1
erebus,1
transit,1
urgent,1
latter,1
ataque,1
francisco,1
scada,1
likely,1
synolocker,1
messaging,1
crook,1
complicate,1
rockloader,1
troldesh,1
thought,1
antivirus,1
meltdown,1
extra,1
town,1
block,1
kzmf,1
patient,1
same,1
hoefleext,1
hosting,1
cctv,1
member,1
silentshade,1
unsuspecting,1
protocol,1
democratic,1
teardown,1
question,1
stand,1
teenager,1
spot,1
paition,1
chaos,1
smokescreen,1
reminder,1
review,1
austria,1
wise,1
disagree,1
repoed,1
hat,1
mind,1
motivator,1
dark,1
psjedvqgxkvsgvhmerzijstiuusbe,1
section,1
psuedodarkleech,1
wish,1
specie,1
smbv,1
canada,1
ceainties,1
merry,1
tell,1
july,1
n,1
gorgeous,1
grid,1
vary,1
boel,1
similar,1
threatfinder,1
crypmic,1
communicates,1
princess,1
rensenware,1
geklikt,1
interesting,1
listen,1
unexpected,1
weighs,1
cyberattack,1
speak,1
justin,1
panel,1
propose,1
family,1
content,1
wildfire,1
legal,1
identity,1
cycle,1
trump,1
instal,1
informative,1
electric,1
ceified,1
blogpost,1
reputation,1
dilmav,1
drive,1
sent,1
meet,1
face,1
smaphones,1
military,1
future,1
hele,1
restore,1
gotta,1
episode,1
heard,1
hill,1
visualize,1
expetr,1
germany,1
ondrej,1
dissection,1
raas,1
inner,1
relay,1
aesir,1
mbfcergnbxg,1
rosneft,1
tingle,1
magnitude,1
launder,1
australia,1
ipygh,1
cyberespionage,1
cognitive,1
vulnerability,1
map,1
turd,1
dual,1
telef,1
request,1
netherlands,1
identify,1
downloader,1
referral,1
opsec,1
communicate,1
exotic,1
independe,1
sorry,1
accountant,1
czech,1
powerlocker,1
end,1
scareware,1
design,1
sophisticated,1
weak,1
building,1
hu,1
generation,1
chimera,1
mass,1
bsidesaugusta,1
gryphon,1
satanic,1
hiddentear,1
fouh,1
fuck,1
macransom,1
whiteboard,1
doublepulsar,1
subject,1
racket,1
swap,1
lesson,1
make,1
gremlin,1
area,1
sponsor,1
lee,1
account,1
conve,1
learning,1
criminals',1
coverage,1
classic,1
fuel,1
alphacrypt,1
drain,1
research,1
rival,1
authors',1
switched,1
date,1
emerge,1
nation,1
animate,1
getuigenis,1
maar,1
proofpoint,1
ditch,1
verizon,1
shinolocker,1
intention,1
chain,1
instant,1
cybercriminal,1
posteo,1
surge,1
tag,1
multinationals,1
seus,1
deliver,1
serious,1
coinvault,1
ursnif,1
disrupt,1
disguise,1
refuse,1
thrives,1
effect,1
suppose,1
discuss,1
technology,1
ransomworm,1
relate,1
acknowledge,1
demo,1
break',1
february,1
helpline,1
nobody,1
virulent,1
plan,1
best,1
spoiler,1
discover,1
platform,1
ntlm,1
kostya,1
medoc,1
shark,1
seminar,1
reading,1
democracy,1
gameofthrones,1
icerberg,1
taiwan,1
anything,1
october,1
printout,1
bhasia,1
cryptowall,1
fight,1
catalyzed,1
yours,1
slurps,1
creator,1
ismdoor,1
unravel,1
dollar,1
bbva,1
tangle,1
lab,1
unlock,1
picture,1
spammer,1
moretocome,1
dilmalocker,1
psst,1
arquivos,1
storage,1
come,1
organisation,1
polish,1
apple,1
fluffy,1
beauty,1
crime,1
keynote,1
young,1
stamcrackr,1
generate,1
rake,1
taxonomy,1
cracker,1
teslaware,1
strijd,1
coffee,1
alum,1
shuts,1
duty,1
conveyor,1
top,1
enter,1
place,1
seek,1
naveh,1
development,1
leak,1
wider,1
klcsw,1
facaadcffde,1
sigs,1
dfir,1
spyware,1
wannacryptor,1
production,1
solid,1
cnet,1
dump,1
symantec,1
badder,1
bag,1
respect,1
algorithm,1
firefox,1
kansas,1
black,1
include,1
yara,1
shame,1
brazilian,1
example,1
weekend,1
headline,1
blood,1
emotet,1
rampage,1
first,1
strike,1
growth,1
holy,1
hidden,1
combo,1
wednesday,1
karo,1
resolve,1
hide,1
sow,1
dissonance,1
propoion,1
afraidgate,1
sufriendo,1
finder,1
pack,1
necurs,1
wallpaper,1
period,1
llmnr,1
organisati,1
guacamole,1
lan,1
crypton,1
outlaw,1
ipga,1
cybe,1
popup,1
regular,1
build,1
uefi,1
hello,1
japan,1
obvious,1
impress,1
paym,1
steam,1
roundup,1
unlockedmcr,1
announces,1
clean,1
belgi,1
menace,1
document,1
lulz,1
browlock,1
provider,1
whole,1
cutthroat,1
hoger,1
happy,1
true,1
difficult,1
miss,1
awesome,1
marlboro,1
attacks,1
javascript,1
timeline,1
pseudo,1
sign,1
rollback,1
visto,1
feliz,1
afaik,1
bitcryptor,1
irrelevant,1
fall,1
skull,1
avoid,1
demonstrate,1
outbreak',1
skype,1
staed,1
precedent,1
wide,1
owner,1
empty,1
modify,1
teamxrat,1
shitty,1
witness,1
japannews,1
convince,1
sho,1
twist,1
boston,1
comodosec,1
offline,1
secure,1
paper,1
fine,1
urls,1
imitator,1
stealer,1
gadi,1
intel,1
docx,1
percentage,1
leaks,1
addr,1
thank,1
nintendo,1
installs,1
management,1
streamlines,1
grade,1
stas,1
scumbag,1
technician,1
nude,1
cod,1
perezzka,1
compare,1
karmen,1
mess,1
synack',1
tip,1
british,1
gonna,1
watch,1
trekkie,1
bruteforcers,1
method,1
smaer,1
rich,1
interested,1
est,1
responsible,1
measure,1
download,1
fbi,1
captain,1
tax,1
bulle,1
curve,1
rackspace,1
wonder,1
sunday,1
astrumek,1
receive,1
infrastructure,1
central,1
summary,1
pscrypt,1
encourage,1
eecc,1
scale,1
fingerprint,1
japantoday,1
fear,1
screenshots,1
purgen,1
infecteren,1
light,1
favour,1
locker,1
folder,1
bite,1
related,1
major,1
contain,1
privacy,1
function,1
hero',1
micro,1
description,1
guy,1
bitcoins,1
niet,1
need,1
prisonlocker,1
magazine,1
osiris,1
hijack,1
clearenergy,1
format,1
relation,1
schmero,1
botnet,1
peter,1
hadoop,1
cryptoff,1
saga,1
load,1
marblehead,1
blowfish,1
hostage,1
edgy,1
adoption,1
sholy,1
doc,1
explain,1
mother,1
lockydump,1
type,1
payoff,1
alma,1
pop,1
austrian,1
greenbug,1
shipwreck,1
keep,1
xmpp,1
environment,1
program,1
ba,1
viewing,1
piece,1
harbour,1
past,1
detain,1
werkte,1
krehel,1
lockout,1
lots,1
normal,1
deutsche,1
bsnmyvcthtnpreukaickjpdwu,1
industrial,1
previous,1
round,1
darkleech,1
channel,1
mischa,1
small,1
repair,1
hacktivist,1
thermostat,1
marriage,1
operational,1
afraid,1
decision,1
tomorrow,1
clinic,1
lament,1
total,1
distinction,1
caught,1
continue,1
fire,1
tubemap,1
callback,1
letsown,1
california,1
torrentlocker,1
vandalism,1
focus,1
word,1
zeep,1
outsource,1
stage,1
twitter,1
bright,1
profit,1
shutdown,1
imagine,1
nemucod,1
agree,1
invincible,1
fast,1
finde,1
elmersglue,1
white,1
mij,1
tear,1
routinel,1
zzzzz,1
spambots,1
propeies,1
comment,1
salesdeinnovative,1
double,1
underway,1
project,1
cisco,1
wipe,1
turn,1
component,1
standard,1
john,1
recommend,1
explosive,1
satan,1
point,1
brace,1
moneymaker,1
soed,1
broker,1
ceopmd,1
percent',1
modern,1
aware,1
masivo,1
mirai,1
alooki,1
disable,1
difference,1
infinitylock,1
everything,1
warns,1
dharma,1
equifax,1
expes,1
dedicate,1
rundown,1
idea,1
sleep,1
saturday,1
europe,1
vodafone,1
infamous,1
mention,1
ryanair,1
advisory,1
see,1
polyglot',1
untidy,1
bootkit,1
evening,1
consensus,1
dilminha,1
smell,1
docm,1
sandboxed,1
elastic,1
cha,1
obfuscate,1
guarantee,1
wannacryptr,1
breach,1
plant,1
collect,1
lawmaker,1
ethical,1
skid,1
china,1
worldwide,1
metho,1
treatment,1
fiat,1
teardowns,1
emet,1
privilege,1
right,1
resolution,1
default,1
friend,1
farm,1
creation,1
hell,1
killer,1
ohio,1
suffers,1
window,1
monitoring,1
catch,1
trick,1
slothcbx,1
rsac,1
mystery,1
active,1
kidnaps,1
run,1
dumps,1
vendor,1
multiple,1
absolute,1
complacency,1
tegen,1
synology,1
poster,1
shard,1
zcrypt,1
human,1
term,1
takedown,1
battery,1
refine,1
ruthlessness,1
happens,1
abuse,1
evolve,1
boen,1
suggest,1
rule,1
station,1
princesslocker,1
evade,1
cadbury,1
begin,1
separate,1
nato,1
fair,1
capgemini,1
